Datetime,Water Level (m)
2026-02-11 00:00:00,-0.16132356
2026-02-11 01:00:00,-0.22100064
2026-02-11 02:00:00,-0.3198184
2026-02-11 03:00:00,-0.43504688
2026-02-11 04:00:00,-0.55850035
2026-02-11 05:00:00,-0.6867042
2026-02-11 06:00:00,-0.8041049
2026-02-11 07:00:00,-0.8824531
2026-02-11 08:00:00,-0.8469319
2026-02-11 09:00:00,-0.70763105
2026-02-11 10:00:00,-0.5333315
2026-02-11 11:00:00,-0.3392472
2026-02-11 12:00:00,-0.15449172
2026-02-11 13:00:00,-0.031624313
2026-02-11 14:00:00,0.031513635
2026-02-11 15:00:00,-0.0056133815
2026-02-11 16:00:00,-0.09466586
2026-02-11 17:00:00,-0.20753309
2026-02-11 18:00:00,-0.32649523
2026-02-11 19:00:00,-0.44256413
2026-02-11 20:00:00,-0.5453384
2026-02-11 21:00:00,-0.61439806
2026-02-11 22:00:00,-0.6113504
2026-02-11 23:00:00,-0.52781713
2026-02-12 00:00:00,-0.42636177
2026-02-12 01:00:00,-0.33508614
2026-02-12 02:00:00,-0.29439858
2026-02-12 03:00:00,-0.33234742
2026-02-12 04:00:00,-0.4153686
2026-02-12 05:00:00,-0.5159714
2026-02-12 06:00:00,-0.62258136
2026-02-12 07:00:00,-0.72967577
2026-02-12 08:00:00,-0.82630885
2026-02-12 09:00:00,-0.8774068
2026-02-12 10:00:00,-0.8234646
2026-02-12 11:00:00,-0.68499446
2026-02-12 12:00:00,-0.49155697
2026-02-12 13:00:00,-0.26853737
2026-02-12 14:00:00,-0.05029813
2026-02-12 15:00:00,0.11172899
2026-02-12 16:00:00,0.17048456
2026-02-12 17:00:00,0.094349146
2026-02-12 18:00:00,-0.044383954
2026-02-12 19:00:00,-0.20824137
2026-02-12 20:00:00,-0.37536398
2026-02-12 21:00:00,-0.53288025
2026-02-12 22:00:00,-0.67075986
2026-02-12 23:00:00,-0.7556221
2026-02-13 00:00:00,-0.72232926
2026-02-13 01:00:00,-0.59128857
2026-02-13 02:00:00,-0.4366512
2026-02-13 03:00:00,-0.2909318
2026-02-13 04:00:00,-0.19398937
2026-02-13 05:00:00,-0.20001629
2026-02-13 06:00:00,-0.31417382
2026-02-13 07:00:00,-0.46158507
2026-02-13 08:00:00,-0.6218233
2026-02-13 09:00:00,-0.7752525
2026-02-13 10:00:00,-0.89880496
2026-02-13 11:00:00,-0.9289597
2026-02-13 12:00:00,-0.77420914
2026-02-13 13:00:00,-0.5679939
2026-02-13 14:00:00,-0.30530193
2026-02-13 15:00:00,-0.034914758
2026-02-13 16:00:00,0.18076947
2026-02-13 17:00:00,0.29472417
2026-02-13 18:00:00,0.23134522
2026-02-13 19:00:00,0.059094597
2026-02-13 20:00:00,-0.14643732
2026-02-13 21:00:00,-0.35473314
2026-02-13 22:00:00,-0.55287486
2026-02-13 23:00:00,-0.72895914
2026-02-14 00:00:00,-0.8444825
2026-02-14 01:00:00,-0.78043735
2026-02-14 02:00:00,-0.60058707
2026-02-14 03:00:00,-0.38175663
2026-02-14 04:00:00,-0.1679829
2026-02-14 05:00:00,-0.03734725
2026-02-14 06:00:00,-0.04322558
2026-02-14 07:00:00,-0.19995767
2026-02-14 08:00:00,-0.38404435
2026-02-14 09:00:00,-0.5806314
2026-02-14 10:00:00,-0.7701645
2026-02-14 11:00:00,-0.9246155
2026-02-14 12:00:00,-0.96783495
2026-02-14 13:00:00,-0.77705836
2026-02-14 14:00:00,-0.5390884
2026-02-14 15:00:00,-0.23076022
2026-02-14 16:00:00,0.069878705
2026-02-14 17:00:00,0.34666246
2026-02-14 18:00:00,0.4612648
2026-02-14 19:00:00,0.33732548
2026-02-14 20:00:00,0.12066142
2026-02-14 21:00:00,-0.12849018
2026-02-14 22:00:00,-0.37132123
2026-02-14 23:00:00,-0.59983224
2026-02-15 00:00:00,-0.8031212
2026-02-15 01:00:00,-0.92131275
2026-02-15 02:00:00,-0.77193296
2026-02-15 03:00:00,-0.5503054
2026-02-15 04:00:00,-0.27148116
2026-02-15 05:00:00,-0.016242249
2026-02-15 06:00:00,0.13306454
2026-02-15 07:00:00,0.05991342
2026-02-15 08:00:00,-0.13347928
2026-02-15 09:00:00,-0.3556322
2026-02-15 10:00:00,-0.5792441
2026-02-15 11:00:00,-0.7926884
2026-02-15 12:00:00,-0.9634183
2026-02-15 13:00:00,-0.98396033
2026-02-15 14:00:00,-0.75858843
2026-02-15 15:00:00,-0.472158
2026-02-15 16:00:00,-0.109991334
2026-02-15 17:00:00,0.25095585
2026-02-15 18:00:00,0.51166385
2026-02-15 19:00:00,0.5405711
2026-02-15 20:00:00,0.3442245
2026-02-15 21:00:00,0.0818301
2026-02-15 22:00:00,-0.18197207
2026-02-15 23:00:00,-0.44683748
2026-02-16 00:00:00,-0.69424814
2026-02-16 01:00:00,-0.897567
2026-02-16 02:00:00,-0.94539285
2026-02-16 03:00:00,-0.7098684
2026-02-16 04:00:00,-0.43158793
2026-02-16 05:00:00,-0.100254126
2026-02-16 06:00:00,0.17906727
2026-02-16 07:00:00,0.27564636
2026-02-16 08:00:00,0.102422714
2026-02-16 09:00:00,-0.12631099
2026-02-16 10:00:00,-0.37767023
2026-02-16 11:00:00,-0.620686
2026-02-16 12:00:00,-0.8482029
2026-02-16 13:00:00,-1.0160204
2026-02-16 14:00:00,-0.9340052
2026-02-16 15:00:00,-0.6827511
2026-02-16 16:00:00,-0.33689958
2026-02-16 17:00:00,0.04459615
2026-02-16 18:00:00,0.439136
2026-02-16 19:00:00,0.64146954
2026-02-16 20:00:00,0.5450902
2026-02-16 21:00:00,0.3011783
2026-02-16 22:00:00,0.011795463
2026-02-16 23:00:00,-0.27241987
2026-02-17 00:00:00,-0.54728353
